{
  "1": [36.1109, 140.10049],
  "2": [36.11111, 140.10061],
  "3": [36.11116, 140.1007],
  "4": [36.11102, 140.10083],
  "5": [36.1107, 140.10103],
  "6": [36.11045, 140.10118],
  "7": [36.11077, 140.10016],
  "8": [36.11067, 140.1002],
  "9": [36.11021, 140.1011],
  "10": [36.1104, 140.10037],
  "11": [36.11044, 140.10053],
  "12": [36.11007, 140.10077],
  "13": [36.11108, 140.1009],
  "14": [36.11087, 140.10105],
  "15": [36.11119, 140.10094],
  "16": [36.11128, 140.10121],
  "17": [36.11048, 140.10129],
  "18": [36.11065, 140.10119],
  "19": [36.11038, 140.10142],
  "20": [36.11056, 140.10154],
  "21": [36.11069, 140.10187],
  "22": [36.11085, 140.10225],
  "23": [36.11099, 140.1026],
  "24": [36.11126, 140.10244],
  "25": [36.11106, 140.10197],
  "26": [36.111, 140.1018],
  "27": [36.11142, 140.10155],
  "28": [36.11021, 140.10159],
  "29": [36.11011, 140.10166],
  "30": [36.10983, 140.10184],
  "31": [36.10961, 140.10198],
  "32": [36.1095, 140.10204],
  "33": [36.10942, 140.10185],
  "34": [36.10914, 140.10199],
  "35": [36.10906, 140.10179],
  "36": [36.10878, 140.10198],
  "37": [36.10856, 140.10214],
  "38": [36.10842, 140.1023],
  "39": [36.10835, 140.10207],
  "40": [36.10823, 140.10171],
  "41": [36.10822, 140.10233],
  "42": [36.10843, 140.1026],
  "43": [36.1086, 140.10284],
  "44": [36.10803, 140.10233],
  "45": [36.10779, 140.10229],
  "46": [36.10755, 140.10225],
  "47": [36.10725, 140.10224],
  "48": [36.107, 140.10251],
  "49": [36.10671, 140.10258],
  "50": [36.10687, 140.10226],
  "51": [36.10651, 140.10233],
  "52": [36.10613, 140.10239],
  "53": [36.10595, 140.10237],
  "54": [36.10572, 140.10245],
  "55": [36.10552, 140.10251],
  "56": [36.1052, 140.10263],
  "57": [36.10482, 140.10276],
  "58": [36.10457, 140.1028],
  "59": [36.10429, 140.10282],
  "60": [36.10389, 140.10287],
  "61": [36.10359, 140.10295],
  "62": [36.10325, 140.10299],
  "63": [36.10315, 140.103],
  "64": [36.10322, 140.10357],
  "65": [36.10324, 140.10402],
  "66": [36.10328, 140.10447],
  "67": [36.1033, 140.10488],
  "68": [36.10333, 140.10526],
  "69": [36.10338, 140.10574],
  "70": [36.10345, 140.10623],
  "71": [36.10352, 140.10675],
  "72": [36.1032, 140.10681],
  "73": [36.10294, 140.10686],
  "74": [36.10253, 140.10692],
  "75": [36.10189, 140.10693],
  "76": [36.10151, 140.10677],
  "77": [36.10117, 140.10653],
  "78": [36.10082, 140.10622],
  "79": [36.10053, 140.10591],
  "80": [36.10785, 140.10194],
  "81": [36.10794, 140.10174],
  "82": [36.10801, 140.10159],
  "83": [36.10806, 140.10137],
  "84": [36.11121, 140.10042],
  "85": [36.1114, 140.1003],
  "86": [36.11145, 140.1002],
  "87": [36.11133, 140.0999],
  "88": [36.11125, 140.09969],
  "89": [36.11115, 140.09948],
  "90": [36.11128, 140.09939],
  "91": [36.1115, 140.09925],
  "92": [36.11181, 140.09905],
  "93": [36.10869, 140.10189],
  "94": [36.10883, 140.10219],
  "95": [36.10899, 140.10258],
  "96": [36.10911, 140.10285],
  "97": [36.10921, 140.10309],
  "98": [36.10932, 140.10336],
  "99": [36.10932, 140.10366],
  "100": [36.10925,140.10392],
  "101": [36.1086, 140.10164],
  "102": [36.10848, 140.10138],
  "103": [36.10837, 140.10109],
  "104": [36.10842, 140.10072],
  "105": [36.10845, 140.10042],
  "106": [36.10833, 140.1001],
  "107": [36.10818, 140.09975],
  "108": [36.1088, 140.1001],
  "109": [36.10903, 140.09994],
  "110": [36.1085, 140.10095],
  "111": [36.10858, 140.10043],
  "112": [36.10852, 140.10031],
  "113": [36.10887, 140.10069],
  "114": [36.10923, 140.10044],
  "115": [36.10918, 140.10029],
  "116": [36.10962, 140.1],
  "117": [36.10946, 140.0996],
  "118": [36.10926, 140.09976],
  "119": [36.10941, 140.10014],
  "120": [36.10979, 140.10045],
  "121": [36.10995, 140.10086],
  "122": [36.10798, 140.10111],
  "123": [36.10832, 140.10092],
  "124": [36.10273, 140.10304],
  "125": [36.10226, 140.10309],
  "126": [36.10185, 140.10314],
  "127": [36.10154, 140.1032],
  "128": [36.10123, 140.10329],
  "129": [36.10102, 140.10331],
  "130": [36.10066, 140.10323],
  "131": [36.10042, 140.10317],
  "132": [36.10029, 140.10318],
  "133": [36.10019, 140.10332],
  "134": [36.10001, 140.10337],
  "135": [36.09973, 140.10333],
  "136": [36.09957, 140.10329],
  "137": [36.09951, 140.10319],
  "138": [36.09927, 140.10294],
  "139": [36.09887, 140.10294],
  "140": [36.09876, 140.10298],
  "141": [36.09839, 140.10305],
  "142": [36.09806, 140.10312],
  "143": [36.09778, 140.10318],
  "144": [36.09752, 140.10322],
  "145": [36.09753, 140.1035],
  "146": [36.09726, 140.10354],
  "147": [36.09682, 140.10362],
  "148": [36.09632, 140.10372],
  "149": [36.09766, 140.10409],
  "150": [36.09771, 140.10462],
  "151": [36.09771, 140.10462],
  "152": [36.09785, 140.10516],
  "153": [36.09812, 140.10544],
  "154": [36.09817, 140.10557],
  "155": [36.0982, 140.10588],
  "156": [36.09752, 140.10312],
  "157": [36.09747, 140.10279],
  "158": [36.0974, 140.10223],
  "159": [36.09876, 140.10274],
  "160": [36.09878, 140.10237],
  "161": [36.09878, 140.10205],
  "162": [36.09871, 140.10197],
  "163": [36.09869, 140.10167],
  "164": [36.09769, 140.10443],
  "165": [36.09819, 140.10482],
  "166": [36.09857, 140.10515],
  "167": [36.09884, 140.10524],
  "168": [36.09877, 140.10457],
  "169": [36.09879, 140.10381],
  "170": [36.11146, 140.10289],
  "171": [36.11164, 140.10335],
  "172": [36.11135, 140.10354],
  "173": [36.11118, 140.10366],
  "174": [36.11118, 140.10343],
  "175": [36.11103, 140.10318],
  "176": [36.11094, 140.10316],
  "177": [36.11086, 140.10295],
  "178": [36.11091, 140.10269],
  "179": [36.11073, 140.10303],
  "180": [36.11061, 140.10295],
  "181": [36.11052, 140.10271],
  "182": [36.11033, 140.10219],
  "183": [36.11089, 140.10327],
  "184": [36.11099, 140.10348],
  "185": [36.11109, 140.10372],
  "186": [36.1108, 140.10385],
  "187": [36.11056, 140.10393],
  "188": [36.11028, 140.10402],
  "189": [36.10993, 140.10402],
  "190": [36.10971, 140.10401],
  "191": [36.10973, 140.10361],
  "192": [36.11012, 140.10338],
  "193": [36.11042, 140.1033],
  "194": [36.11054, 140.1032],
  "195": [36.11042, 140.10307],
  "196": [36.11021, 140.10305],
  "197": [36.11007, 140.10311],
  "198": [36.10988, 140.10308],
  "199": [36.10986, 140.10277],
  "200": [36.10974, 140.10252],
  "201": [36.11064, 140.10316],
  "202": [36.10346, 140.10444],
  "203": [36.10364, 140.1044],
  "204": [36.10386, 140.10435],
  "205": [36.10957, 140.09956],
  "206": [36.10972, 140.09994],
  "207": [36.10989, 140.10032],
  "208": [36.10977, 140.09941],
  "209": [36.10995, 140.0993],
  "210": [36.11017, 140.09914],
  "211": [36.11003, 140.09876],
  "212": [36.11031, 140.09952],
  "213": [36.11045, 140.09987],
  "214": [36.11017, 140.10014],
  "215": [36.11042, 140.09998],
  "216": [36.11057, 140.09993],
  "217": [36.11076, 140.09975],
  "218": [36.11105, 140.09957],
  "219": [36.10969, 140.09917],
  "220": [36.10962, 140.099],
  "221": [36.10929, 140.09918],
  "222": [36.10907, 140.09931],
  "223": [36.10883, 140.09944],
  "224": [36.10857, 140.0996],
  "225": [36.10835, 140.09974],
  "226": [36.10832, 140.09984],
  "227": [36.11023, 140.09864],
  "228": [36.10866, 140.10129],
  "229": [36.10875, 140.10153],
  "230": [36.10875, 140.10153],
  "231": [36.10904,140.10705],
  "232": [36.10886,140.10717],
  "233": [36.10885,140.10712],
  "234": [36.10886,140.10707],
  "235": [36.10879,140.10697],
  "236": [36.10877,140.10666],
  "237": [36.10874,140.10631],
  "238": [36.10861,140.10618],
  "239": [36.10839,140.10574],
  "240": [36.10819,140.10548],
  "241": [36.10801,140.10518],
  "242": [36.10793,140.10459],
  "243": [36.10788,140.10451],
  "244": [36.10780,140.10446],
  "245": [36.10790,140.10436],
  "246": [36.10808,140.10418],
  "247": [36.10834,140.10404],
  "248": [36.10852,140.10396],
  "249": [36.10875,140.10391],
  "250": [36.10901,140.10392],
  "251": [36.10880,140.10710],
  "252": [36.10948,140.10678],
  "253": [36.10927,140.10691]
}